City_ID,City,Country,Date,Lat,Lng,Max Temp,Humidity,Cloudiness,Wind Speed
0,Mataura,NZ,2022-09-30 17:52:34,-46.1927,168.8643,30.49,99,9,2.08
1,Lata,PT,2022-09-30 18:01:36,40.1629,-8.3327,66.92,62,74,5.21
2,Qaanaaq,GL,2022-09-30 17:52:38,77.484,-69.3632,19.9,68,93,11.63
3,Albany,US,2022-09-30 17:53:41,42.6001,-73.9662,60.46,63,100,1.01
4,Port Alfred,ZA,2022-09-30 17:52:11,-33.5906,26.891,67.17,90,100,5.99
5,Beringovskiy,RU,2022-09-30 18:01:37,63.05,179.3167,39.92,82,100,23.44
6,Zhigansk,RU,2022-09-30 18:01:37,66.7697,123.3711,26.24,83,95,3.2
7,Mindelo,CV,2022-09-30 18:01:37,16.8901,-24.9804,79.66,84,9,17.2
8,Zlobin,HR,2022-09-30 18:01:38,45.2924,14.6541,54.68,94,75,9.22
9,Luanda,AO,2022-09-30 18:01:38,-8.8368,13.2343,74.21,86,24,11.43
10,Isangel,VU,2022-09-30 18:01:39,-19.55,169.2667,74.19,84,4,8.21
11,Yellowknife,CA,2022-09-30 17:50:55,62.456,-114.3525,50.56,76,20,20.71
12,Pochutla,MX,2022-09-30 17:52:30,15.7432,-96.4661,86.83,66,93,5.41
13,Punta Arenas,CL,2022-09-30 17:52:28,-53.15,-70.9167,48.31,46,0,12.66
14,East London,ZA,2022-09-30 17:52:37,-33.0153,27.9116,67.14,82,0,13.8
15,Watsa,CD,2022-09-30 18:01:40,3.0372,29.5355,65.14,95,73,1.52
16,Jamestown,US,2022-09-30 17:49:48,42.097,-79.2353,60.03,59,0,5.75
17,Flinders,AU,2022-09-30 18:01:41,-34.5833,150.8552,55.18,89,98,5.01
18,Ubinskoye,RU,2022-09-30 18:01:41,55.3068,79.6802,29.39,88,60,7.34
19,Atuona,PF,2022-09-30 17:52:27,-9.8,-139.0333,76.71,69,51,17.9
20,Rabak,SD,2022-09-30 18:01:42,13.1809,32.74,83.37,57,36,10.65
21,Saskylakh,RU,2022-09-30 17:53:49,71.9167,114.0833,21.99,94,91,4.12
22,Hobart,AU,2022-09-30 17:47:42,-42.8794,147.3294,40.05,89,1,9.22
23,Hermanus,ZA,2022-09-30 17:52:30,-34.4187,19.2345,58.8,84,66,10.4
24,Sao Felix Do Xingu,BR,2022-09-30 18:00:54,-6.6447,-51.995,103.77,18,49,1.25
25,Lebu,CL,2022-09-30 17:56:36,-37.6167,-73.65,56.82,76,100,13.51
26,Bambous Virieux,MU,2022-09-30 17:55:00,-20.3428,57.7575,70.05,78,40,5.75
27,Mar Del Plata,AR,2022-09-30 17:51:09,-38.0023,-57.5575,62.62,75,20,12.66
28,Colesberg,ZA,2022-09-30 18:01:43,-30.72,25.0972,72.9,10,99,14.36
29,Butaritari,KI,2022-09-30 17:53:39,3.0707,172.7902,80.92,78,86,15.88
30,Bengkulu,ID,2022-09-30 18:01:44,-3.8004,102.2655,75.74,92,52,3.24
31,Cape Town,ZA,2022-09-30 17:53:50,-33.9258,18.4232,63.01,63,20,11.5
32,Busselton,AU,2022-09-30 17:53:48,-33.65,115.3333,54.01,79,6,9.08
33,Sao Filipe,CV,2022-09-30 18:01:45,14.8961,-24.4956,79.81,86,50,6.89
34,Dauriya,RU,2022-09-30 18:01:45,49.9333,116.8667,35.31,90,49,4.0
35,Upernavik,GL,2022-09-30 17:55:04,72.7868,-56.1549,22.42,77,67,4.72
36,Lagos,NG,2022-09-30 18:00:02,6.5833,3.75,74.86,94,100,3.51
37,Arraial Do Cabo,BR,2022-09-30 17:52:29,-22.9661,-42.0278,73.26,60,75,10.36
38,Siena,IT,2022-09-30 18:01:46,43.2167,11.4,61.77,94,98,2.53
39,Poputnaya,RU,2022-09-30 18:01:46,44.5125,41.4392,65.79,60,18,3.09
40,Bluff,NZ,2022-09-30 18:01:47,-46.6,168.3333,37.92,83,7,6.13
41,Te Anau,NZ,2022-09-30 18:00:37,-45.4167,167.7167,31.51,96,25,1.3
42,Ushuaia,AR,2022-09-30 18:01:48,-54.8,-68.3,44.11,61,100,11.23
43,Dingle,PH,2022-09-30 18:01:49,10.9995,122.6711,75.45,88,91,5.14
44,Port Lincoln,AU,2022-09-30 17:52:26,-34.7333,135.8667,52.61,88,0,10.36
45,Nioki,CD,2022-09-30 18:01:49,-2.7167,17.6833,76.96,72,74,2.46
46,La Ronge,CA,2022-09-30 18:01:50,55.1001,-105.2842,50.22,71,100,10.36
47,Lagoa,PT,2022-09-30 17:56:32,39.05,-27.9833,68.34,65,3,3.85
48,Souillac,MU,2022-09-30 18:01:50,-20.5167,57.5167,69.91,77,13,11.01
49,Batan,CR,2022-09-30 18:02:51,10.0844,-83.341,83.37,78,83,4.81
50,Ribeira Grande,PT,2022-09-30 18:02:51,38.5167,-28.7,73.8,56,40,6.91
51,Ugoofaaru,MV,2022-09-30 18:02:51,5.6667,73.0,79.65,81,98,25.37
52,New Norfolk,AU,2022-09-30 18:02:52,-42.7826,147.0587,39.7,72,2,2.93
53,Atambua,ID,2022-09-30 18:01:48,-9.1061,124.8925,74.84,81,100,2.66
54,Mahebourg,MU,2022-09-30 18:02:53,-20.4081,57.7,67.24,74,9,12.12
55,Kodiak,US,2022-09-30 18:02:54,57.79,-152.4072,44.02,75,4,1.95
56,Thompson,CA,2022-09-30 17:56:38,55.7435,-97.8558,41.16,56,75,8.05
57,Intipuca,SV,2022-09-30 18:02:55,13.1969,-88.0544,86.5,58,99,3.78
58,Nouadhibou,MR,2022-09-30 18:02:55,20.931,-17.0347,74.48,72,27,23.4
59,Carolina,PR,2022-09-30 17:59:55,18.3808,-65.9574,88.72,78,72,1.99
60,Bethel,US,2022-09-30 17:56:37,41.3712,-73.414,63.01,68,100,1.01
61,Jiaojiang,CN,2022-09-30 18:02:56,28.6803,121.4428,73.08,97,34,3.29
62,Ulladulla,AU,2022-09-30 18:02:56,-35.35,150.4667,52.81,79,100,9.53
63,Carutapera,BR,2022-09-30 18:02:57,-1.195,-46.02,86.13,61,67,11.81
64,Sola,VU,2022-09-30 18:02:57,-13.8833,167.55,80.2,67,82,5.28
65,Puerto Ayora,EC,2022-09-30 18:01:31,-0.7393,-90.3518,67.55,91,95,8.01
66,Georgetown,MY,2022-09-30 17:53:43,5.4112,100.3354,82.33,83,40,7.0
67,Norman Wells,CA,2022-09-30 18:00:51,65.282,-126.8329,48.43,69,100,6.29
68,Ahar,IR,2022-09-30 18:02:58,38.4774,47.0699,61.21,57,0,4.92
69,Talnakh,RU,2022-09-30 18:02:58,69.4865,88.3972,29.12,98,99,5.66
70,Vila Franca Do Campo,PT,2022-09-30 18:02:59,37.7167,-25.4333,75.2,79,72,3.53
71,Portland,US,2022-09-30 18:00:36,45.5234,-122.6762,63.28,85,52,5.01
72,Kapaa,US,2022-09-30 18:02:59,22.0752,-159.319,80.58,89,4,6.89
73,Khatanga,RU,2022-09-30 18:03:00,71.9667,102.5,28.76,95,100,11.5
74,Strezhevoy,RU,2022-09-30 18:03:00,60.7333,77.5889,27.72,85,67,5.37
75,Vaini,TO,2022-09-30 17:52:02,-21.2,-175.2,71.76,83,40,9.22
76,Liverpool,GB,2022-09-30 17:59:39,53.4106,-2.9779,58.95,90,40,10.36
77,Cidreira,BR,2022-09-30 17:53:53,-30.1811,-50.2056,64.02,75,99,17.6
78,Gazli,UZ,2022-09-30 18:03:01,40.1333,63.45,68.77,19,87,12.53
79,Bougouni,ML,2022-09-30 18:03:01,11.417,-7.479,81.77,71,97,2.17
80,Cabo San Lucas,MX,2022-09-30 18:02:21,22.8909,-109.9124,93.61,64,0,3.31
81,Lasa,IT,2022-09-30 18:03:02,46.6166,10.7002,50.36,97,100,1.72
82,Aykhal,RU,2022-09-30 18:03:02,66.0,111.5,13.42,97,95,4.25
83,Tessalit,ML,2022-09-30 18:02:18,20.1986,1.0114,100.58,13,48,7.87
84,Sorland,NO,2022-09-30 18:03:03,67.667,12.6934,49.86,59,20,10.11
85,Selenduma,RU,2022-09-30 18:03:04,50.9131,106.2406,35.13,80,100,10.38
86,Tuktoyaktuk,CA,2022-09-30 17:53:39,69.4541,-133.0374,30.2,100,100,13.8
87,Tura,IN,2022-09-30 18:03:04,25.5198,90.2201,75.6,88,100,3.06
88,Lloydminster,CA,2022-09-30 18:00:02,53.2835,-110.0016,55.62,82,75,9.22
89,Sovetskiy,RU,2022-09-30 18:03:05,61.3614,63.5842,26.85,71,12,5.12
90,Airai,TL,2022-09-30 18:03:05,-8.9266,125.4092,61.5,94,100,1.28
91,Witu,KE,2022-09-30 18:03:06,-2.3889,40.4382,75.36,79,79,10.49
92,Port Keats,AU,2022-09-30 18:03:06,-14.25,129.55,80.65,79,99,4.7
93,Tiksi,RU,2022-09-30 17:53:52,71.6872,128.8694,13.86,95,73,7.05
94,Shiliguri,IN,2022-09-30 18:04:07,26.7,88.4333,78.26,80,14,4.47
95,Vestmanna,FO,2022-09-30 18:04:08,62.1564,-7.1664,49.12,93,100,13.8
96,Bam,IR,2022-09-30 18:04:08,29.106,58.357,81.3,10,0,9.91
97,Mayo,US,2022-09-30 18:04:09,38.8876,-76.5119,63.36,79,75,8.05
98,Anchorage,US,2022-09-30 18:00:03,61.2181,-149.9003,48.92,94,100,3.44
99,Yerbogachen,RU,2022-09-30 18:04:10,61.2767,108.0108,24.1,71,55,3.47
100,Port Elizabeth,ZA,2022-09-30 18:03:24,-33.918,25.5701,67.1,92,20,14.0
101,Hilo,US,2022-09-30 18:04:10,19.7297,-155.09,81.28,84,91,1.01
102,Pisco,PE,2022-09-30 18:04:11,-13.7,-76.2167,67.01,68,100,8.03
103,Mount Gambier,AU,2022-09-30 18:04:11,-37.8333,140.7667,45.3,91,6,5.84
104,Pingliang,CN,2022-09-30 18:04:12,35.5392,106.6861,64.26,70,100,0.72
105,Sur,OM,2022-09-30 18:04:12,22.5667,59.5289,81.16,75,1,11.63
106,Cabanas,CU,2022-09-30 18:04:13,22.9758,-82.9219,81.82,67,39,10.98
107,Fortuna,US,2022-09-30 18:04:15,40.5982,-124.1573,73.92,65,0,1.99
108,Tasiilaq,GL,2022-09-30 18:04:16,65.6145,-37.6368,42.96,75,100,4.79
109,Hovd,MN,2022-09-30 18:04:17,48.0056,91.6419,26.24,31,0,3.6
110,Indian Head,US,2022-09-30 18:04:18,38.6001,-77.1622,62.08,74,0,5.01
111,Torbay,CA,2022-09-30 18:04:18,47.6666,-52.7314,60.89,73,29,5.01
112,Rikitea,PF,2022-09-30 18:04:19,-23.1203,-134.9692,73.53,78,88,15.7
113,Kijang,KR,2022-09-30 18:04:19,35.2442,129.2139,68.23,62,24,3.09
114,Faanui,PF,2022-09-30 18:04:20,-16.4833,-151.75,77.47,72,0,11.01
115,Pangody,RU,2022-09-30 18:04:20,65.85,74.4859,29.19,84,93,6.98
116,Salalah,OM,2022-09-30 17:55:01,17.0151,54.0924,78.87,81,97,4.29
117,Razole,IN,2022-09-30 18:04:21,16.4833,81.8333,75.65,96,100,5.03
118,Byron Bay,AU,2022-09-30 17:52:10,-28.65,153.6167,58.96,87,89,11.97
119,Esperance,AU,2022-09-30 18:04:21,-33.8667,121.9,50.11,86,39,10.51
120,Kloulklubed,PW,2022-09-30 18:04:22,7.0419,134.2556,75.7,74,31,7.76
121,Novobirilyussy,RU,2022-09-30 18:04:22,56.9514,90.6661,29.95,78,100,4.41
122,Khartoum,SD,2022-09-30 18:04:23,15.5518,32.5324,89.02,59,97,17.69
123,Inhambane,MZ,2022-09-30 18:04:23,-23.865,35.3833,70.77,80,0,8.81
124,Lethem,GY,2022-09-30 18:04:24,3.3803,-59.7968,92.16,47,67,1.68
125,Yining,CN,2022-09-30 18:04:25,29.0361,114.5636,77.14,64,22,1.83
126,Udachnyy,RU,2022-09-30 18:04:25,66.4167,112.4,16.0,97,98,4.25
127,Encruzilhada Do Sul,BR,2022-09-30 18:04:26,-30.5439,-52.5219,53.85,96,100,4.16
128,Canandaigua,US,2022-09-30 18:04:26,42.8742,-77.288,62.19,64,95,1.01
129,Codrington,AU,2022-09-30 18:04:27,-38.2667,141.9667,43.14,96,54,7.0
130,Powell,US,2022-09-30 18:02:19,40.1578,-83.0752,67.17,54,0,9.22
131,Wajima,JP,2022-09-30 18:04:27,37.4,136.9,68.67,75,19,2.51
132,Port Augusta,AU,2022-09-30 17:56:31,-32.5,137.7667,52.81,67,22,6.15
133,Avarua,CK,2022-09-30 18:04:26,-21.2078,-159.775,71.65,73,75,5.75
134,Braganca,BR,2022-09-30 18:04:28,-1.0536,-46.7656,88.57,54,67,8.93
135,Havre-Saint-Pierre,CA,2022-09-30 18:04:29,50.2334,-63.5986,50.07,76,14,22.84
136,Kutahya,TR,2022-09-30 18:04:29,39.4242,29.9833,67.66,51,1,4.61
137,Maraa,BR,2022-09-30 18:05:29,-1.8333,-65.3667,98.24,31,51,4.36
138,Mingguang,CN,2022-09-30 18:05:30,32.7802,117.9638,72.88,89,84,5.86
139,Dutse,NG,2022-09-30 18:05:30,11.7594,9.3392,84.81,52,100,4.32
140,Kruisfontein,ZA,2022-09-30 18:05:31,-34.0033,24.7314,64.89,90,100,18.3
141,Luan,CH,2022-09-30 18:05:31,46.3592,6.9759,48.36,90,98,1.52
142,Banda Aceh,ID,2022-09-30 18:05:32,5.5577,95.3222,78.67,82,100,12.3
143,Dargaville,NZ,2022-09-30 18:01:07,-35.9333,173.8833,59.25,98,100,6.08
144,San Patricio,US,2022-09-30 18:05:33,28.017,-97.5169,89.55,41,0,5.91
145,Hamilton,US,2022-09-30 18:04:17,39.1834,-84.5333,71.4,51,0,11.5
146,Castro,BR,2022-09-30 18:01:55,-24.7911,-50.0119,57.58,88,100,6.78
147,Bokovskaya,RU,2022-09-30 18:05:34,49.229,41.8306,64.17,62,69,6.71
148,Palmer,US,2022-09-30 18:05:34,42.1584,-72.3287,63.25,62,100,6.91
149,Oildale,US,2022-09-30 18:05:35,35.4197,-119.0195,84.78,44,0,3.44
150,Birao,CF,2022-09-30 18:05:35,10.2849,22.7882,78.82,68,94,3.87
151,Touros,BR,2022-09-30 18:05:36,-5.1989,-35.4608,83.17,56,75,18.05
152,Cockburn Town,TC,2022-09-30 18:05:36,21.4612,-71.1419,82.06,71,57,12.33
153,Giresun,TR,2022-09-30 18:02:05,40.5,38.5,45.73,68,2,4.32
154,Eureka,US,2022-09-30 18:05:40,40.8021,-124.1637,74.19,51,0,4.76
155,Saint-Pierre,RE,2022-09-30 18:05:40,-21.3393,55.4781,69.48,73,0,9.22
156,Luderitz,NA,2022-09-30 18:05:41,-26.6481,15.1594,60.15,67,60,19.08
157,Bredasdorp,ZA,2022-09-30 18:01:53,-34.5322,20.0403,54.36,88,81,5.95
158,Talcahuano,CL,2022-09-30 18:05:41,-36.7167,-73.1167,60.48,67,0,11.5
159,Puerto Escondido,MX,2022-09-30 18:05:42,15.85,-97.0667,86.83,54,40,9.22
160,Narsaq,GL,2022-09-30 18:05:43,60.9167,-46.05,41.22,70,93,2.93
161,Lazaro Cardenas,MX,2022-09-30 18:03:30,17.9583,-102.2,85.08,70,53,3.83
162,Buala,SB,2022-09-30 18:05:43,-8.145,159.5921,79.7,83,21,7.67
163,Ranong,TH,2022-09-30 18:05:44,9.9658,98.6348,78.76,87,83,12.24
164,Kayasula,RU,2022-09-30 18:05:44,44.325,45.0,71.78,52,16,9.8
165,Khromtau,KZ,2022-09-30 18:05:45,50.2503,58.4347,39.97,46,100,12.91
166,Nikolskoye,RU,2022-09-30 18:05:08,59.7035,30.7861,46.8,96,89,5.73
167,Slave Lake,CA,2022-09-30 18:05:45,55.2834,-114.769,58.87,71,95,5.06
168,Makakilo City,US,2022-09-30 18:05:46,21.3469,-158.0858,80.92,72,0,9.22
169,Ruwi,OM,2022-09-30 18:05:46,23.5996,58.5507,84.45,66,0,4.56
170,Port Macquarie,AU,2022-09-30 18:05:47,-31.4333,152.9167,57.88,100,100,14.97
171,Yakeshi,CN,2022-09-30 18:05:47,49.2833,120.7333,33.94,91,86,3.51
172,Kununurra,AU,2022-09-30 18:05:47,-15.7667,128.7333,75.18,88,75,3.44
173,Sabha,LY,2022-09-30 18:05:48,27.0377,14.4283,94.01,10,0,8.93
174,Constitucion,CL,2022-09-30 18:05:49,-35.3333,-72.4167,61.3,72,91,8.79
175,Muriti,TZ,2022-09-30 18:05:49,-1.9833,32.9167,75.56,64,79,6.04
176,Mercedes,AR,2022-09-30 18:05:50,-34.6515,-59.4307,71.04,28,4,7.65
177,Bure,ET,2022-09-30 18:05:50,10.7,37.0667,55.42,94,58,3.65
178,Sistranda,NO,2022-09-30 18:05:51,63.7256,8.834,53.56,67,90,23.35
179,Yulara,AU,2022-09-30 18:05:51,-25.2406,130.9889,67.6,30,100,11.25
180,Leningradskiy,RU,2022-09-30 18:05:51,69.3833,178.4167,23.77,79,100,9.4
181,Ca Mau,VN,2022-09-30 18:03:43,9.1769,105.15,76.8,90,71,3.58
182,Sterling,US,2022-09-30 18:01:07,39.0062,-77.4286,61.39,76,0,11.5
183,Kinatakutan,PH,2022-09-30 18:06:52,13.9525,122.4758,74.95,93,6,2.8
184,Shingu,JP,2022-09-30 18:06:52,33.7333,135.9833,67.06,83,2,6.13
185,Puerto Leguizamo,CO,2022-09-30 18:06:54,-0.1934,-74.7819,96.12,37,78,2.77
186,Avera,US,2022-09-30 18:06:54,33.194,-82.5271,68.38,61,99,19.22
187,Pacific Grove,US,2022-09-30 18:06:55,36.6177,-121.9166,76.39,87,20,5.99
188,Honiara,SB,2022-09-30 18:06:55,-9.4333,159.95,76.14,89,16,4.88
189,Chokurdakh,RU,2022-09-30 18:06:56,70.6333,147.9167,19.67,88,75,4.88
190,Asyut,EG,2022-09-30 18:06:56,27.181,31.1837,96.35,16,0,18.84
191,Adrar,MR,2022-09-30 18:06:56,20.5022,-10.0711,88.99,20,0,15.55
192,Riviere-Au-Renard,CA,2022-09-30 18:06:57,48.9957,-64.3971,55.96,61,13,5.66
193,Chuy,UY,2022-09-30 18:06:57,-33.6971,-53.4616,60.08,68,95,7.58
194,Kaka,TM,2022-09-30 18:06:58,37.3482,59.6143,73.87,22,0,1.66
195,Tokur,RU,2022-09-30 18:06:58,53.1333,132.9,23.22,96,92,1.45
196,Luena,AO,2022-09-30 18:06:59,-11.7833,19.9167,71.78,45,76,3.13
197,Westport,US,2022-09-30 18:04:54,41.1415,-73.3579,64.85,60,0,10.0
198,Ereymentau,KZ,2022-09-30 18:06:59,51.6199,73.1033,28.08,56,27,3.29
199,Severo-Kurilsk,RU,2022-09-30 18:06:59,50.6789,156.125,50.85,94,99,14.63
200,Saint-Philippe,RE,2022-09-30 18:07:00,-21.3585,55.7679,69.39,82,41,10.63
201,La Paz,BO,2022-09-30 18:06:52,-16.5,-68.15,62.58,36,75,10.36
202,San Cristobal,VE,2022-09-30 18:04:49,7.7669,-72.225,75.38,47,99,5.28
203,Nanortalik,GL,2022-09-30 18:07:00,60.1432,-45.2371,39.11,77,38,9.08
204,Melnikovo,RU,2022-09-30 18:07:01,56.5558,84.085,31.24,97,93,3.04
205,Freeport,US,2022-09-30 18:07:01,40.6576,-73.5832,65.01,63,40,12.66
206,Umm Kaddadah,SD,2022-09-30 18:07:02,13.6017,26.6876,94.75,20,38,7.05
207,Rantoul,US,2022-09-30 18:07:02,40.3084,-88.1559,66.81,54,0,5.99
208,Petropavlovsk-Kamchatskiy,RU,2022-09-30 18:07:03,53.0452,158.6483,37.99,100,75,2.24
209,Hambantota,LK,2022-09-30 18:06:14,6.1241,81.1185,79.29,83,99,18.68
210,Voyvozh,RU,2022-09-30 18:07:03,62.892,54.9635,35.56,69,100,8.79
211,Floro,NO,2022-09-30 18:07:04,61.5996,5.0328,57.96,47,75,20.71
212,Vao,NC,2022-09-30 18:07:05,-22.6667,167.4833,71.26,82,86,15.86
213,Spornoye,RU,2022-09-30 18:07:06,50.8448,37.2913,60.53,80,48,7.58
214,Basco,PH,2022-09-30 18:07:07,20.4487,121.9702,83.44,78,42,15.43
215,Nemuro,JP,2022-09-30 18:07:08,43.3236,145.575,63.3,92,0,12.37
216,Nedjo,ET,2022-09-30 18:07:09,9.5046,35.5019,58.66,94,99,1.9
217,Jiayuguan,CN,2022-09-30 18:07:09,39.8167,98.3,63.36,22,0,7.09
218,Wattegama,LK,2022-09-30 18:07:09,6.7989,81.4808,77.81,74,99,11.59
219,Taitung,TW,2022-09-30 18:07:10,22.7583,121.1444,78.55,80,75,4.56
220,Ilulissat,GL,2022-09-30 18:07:10,69.2167,-51.1,35.62,80,75,2.3
221,Clyde River,CA,2022-09-30 18:07:11,70.4692,-68.5914,30.43,80,100,19.57
222,Dikson,RU,2022-09-30 18:07:11,73.5069,80.5464,35.35,85,100,18.12
223,Okhotsk,RU,2022-09-30 18:07:11,59.3833,143.3,37.56,67,100,10.11
224,Meulaboh,ID,2022-09-30 18:07:12,4.1363,96.1285,75.97,88,100,6.08
225,Great Falls,US,2022-09-30 18:07:13,47.5002,-111.3008,52.99,90,100,9.22
226,Hithadhoo,MV,2022-09-30 18:07:13,-0.6,73.0833,81.79,72,83,8.86
227,Lavrentiya,RU,2022-09-30 18:07:13,65.5833,-171.0,34.05,71,43,10.04
228,Kangaatsiaq,GL,2022-09-30 18:08:14,68.3065,-53.4641,35.11,100,100,3.87
229,Kushmurun,KZ,2022-09-30 18:08:15,52.4503,64.6311,35.06,41,0,8.57
230,Tabou,CI,2022-09-30 18:08:15,4.423,-7.3528,78.22,79,26,9.22
231,Huicheng,CN,2022-09-30 18:08:16,23.0385,116.2899,75.78,94,86,4.29
232,Nabire,ID,2022-09-30 18:08:16,-3.3667,135.4833,74.59,92,94,2.68
233,Kawalu,ID,2022-09-30 18:08:16,-7.3817,108.2082,72.39,98,100,0.72
234,Namtsy,RU,2022-09-30 18:08:18,62.7161,129.6658,21.88,93,71,7.14
235,Benguela,AO,2022-09-30 18:08:18,-12.5763,13.4055,74.86,81,68,4.83
236,Taltal,CL,2022-09-30 18:08:19,-25.4,-70.4833,63.23,64,16,6.73
237,Chapais,CA,2022-09-30 18:08:19,49.7834,-74.8492,58.78,40,74,12.84
238,Victoria,HK,2022-09-30 18:04:03,22.2855,114.1577,80.38,90,99,5.99
239,Klaksvik,FO,2022-09-30 18:06:17,62.2266,-6.589,50.92,88,100,36.55
240,Vrangel,RU,2022-09-30 18:08:20,42.7297,133.0839,60.06,84,5,2.33
241,Padang,ID,2022-09-30 18:08:20,-0.9492,100.3543,77.95,90,100,3.87
242,Wamba,NG,2022-09-30 18:08:21,8.9333,8.6,75.49,85,72,1.14
243,Longyearbyen,SJ,2022-09-30 18:08:21,78.2186,15.6401,39.04,93,100,3.44
244,Churapcha,RU,2022-09-30 18:08:22,62.0025,132.4325,22.39,95,74,6.24
245,Presidencia Roque Saenz Pena,AR,2022-09-30 18:08:22,-26.7852,-60.4388,83.66,24,0,7.02
246,Morki,RU,2022-09-30 18:08:23,56.4303,48.9947,46.49,91,100,7.47
247,Baker City,US,2022-09-30 18:08:23,44.7749,-117.8344,61.59,65,100,16.11
248,Sao Gabriel Da Cachoeira,BR,2022-09-30 18:08:24,-0.1303,-67.0892,96.78,33,95,4.76
249,Emilio Carranza,MX,2022-09-30 18:08:24,19.9711,-96.6114,81.64,53,16,14.97
250,Zelenogorskiy,RU,2022-09-30 18:08:25,55.0333,87.0,23.83,96,29,2.68
251,Erdenet,MN,2022-09-30 18:08:25,49.0333,104.0833,39.51,96,100,5.77
252,Kedrovyy,RU,2022-09-30 18:08:26,56.1667,91.8167,27.01,72,98,3.4
253,Kipini,KE,2022-09-30 18:08:26,-2.5257,40.5262,75.49,79,72,14.54
254,Jaisalmer,IN,2022-09-30 18:08:26,26.9147,70.9181,87.67,28,0,10.38
255,Quatre Cocos,MU,2022-09-30 18:08:28,-20.2078,57.7625,67.08,74,12,11.45
256,Filadelfia,US,2022-09-30 18:03:56,39.9523,-75.1638,63.9,65,0,12.66
257,El Dorado,US,2022-09-30 18:05:18,38.7666,-120.5177,78.8,37,5,5.41
258,Miramar,US,2022-09-30 18:08:28,25.9873,-80.2323,86.02,64,0,8.05
259,Timmins,CA,2022-09-30 18:05:53,48.4669,-81.3331,62.02,46,20,8.39
260,Pavino,RU,2022-09-30 18:08:29,59.1139,46.1414,46.6,96,100,9.8
261,Kurayoshi,JP,2022-09-30 18:08:29,35.4333,133.8167,65.75,75,11,3.31
262,Cururupu,BR,2022-09-30 18:06:14,-1.8283,-44.8683,86.9,56,67,8.12
263,Bud,US,2022-09-30 18:08:30,39.447,-86.1758,69.75,58,0,9.82
264,Pangnirtung,CA,2022-09-30 18:08:30,66.1451,-65.7125,36.84,49,100,3.4
265,Karlivka,UA,2022-09-30 18:08:31,49.4567,35.1295,64.06,82,94,6.58
266,Huarmey,PE,2022-09-30 18:08:31,-10.0681,-78.1522,67.14,72,71,10.71
267,Athabasca,CA,2022-09-30 18:08:32,54.7169,-113.2854,64.54,55,99,6.51
268,Sikasso,ML,2022-09-30 18:08:32,10.9167,-7.0,82.58,69,92,1.59
269,Nome,US,2022-09-30 18:08:33,64.5011,-165.4064,32.07,80,0,3.44
270,Constantine,DZ,2022-09-30 18:08:33,36.365,6.6147,67.41,59,40,12.66
271,Nelson Bay,AU,2022-09-30 18:08:34,-32.7167,152.15,62.01,70,87,10.0
272,Pundaguitan,PH,2022-09-30 18:09:34,6.3711,126.1689,82.24,76,64,9.06
273,Altay,CN,2022-09-30 18:09:35,47.8667,88.1167,28.02,53,0,2.19
274,Am Timan,TD,2022-09-30 18:09:35,11.0297,20.2827,80.44,66,9,2.37
275,Zinder,NE,2022-09-30 18:09:36,13.8072,8.9881,80.82,52,73,17.0
276,Mikhaylovka,RU,2022-09-30 18:09:36,50.06,43.2379,61.7,65,79,4.0
277,Greymouth,NZ,2022-09-30 18:08:18,-42.4667,171.2,40.95,77,100,10.85
278,Hurghada,EG,2022-09-30 18:09:36,27.2574,33.8129,90.34,31,0,7.85
279,Macusani,PE,2022-09-30 18:09:37,-14.0833,-70.4333,49.37,44,72,14.76
280,Naryan-Mar,RU,2022-09-30 18:09:37,67.6713,53.087,33.4,86,99,15.17
281,Lompoc,US,2022-09-30 18:09:38,34.6391,-120.4579,64.54,100,100,0.0
282,Ponta Do Sol,PT,2022-09-30 18:09:38,32.6667,-17.1,74.71,81,87,3.38
283,Pevek,RU,2022-09-30 18:09:39,69.7008,170.3133,29.14,80,100,5.84
284,Sokna,NO,2022-09-30 18:09:39,60.24,9.9235,46.13,89,85,2.15
285,San Rafael,AR,2022-09-30 18:09:40,-34.6177,-68.3301,76.5,21,9,6.85
286,Port Hawkesbury,CA,2022-09-30 18:07:34,45.6169,-61.3485,62.91,69,1,8.01
287,Belyy Yar,RU,2022-09-30 18:09:40,53.6039,91.3903,26.49,78,0,4.47
288,Sladkovo,RU,2022-09-30 18:09:41,55.5284,70.3385,26.37,86,11,5.68
289,Cartagena,CO,2022-09-30 18:06:37,10.3997,-75.5144,80.22,89,40,6.91
290,Matagami,CA,2022-09-30 18:09:41,49.7502,-77.6328,61.47,43,74,10.25
291,Vanimo,PG,2022-09-30 18:09:42,-2.6741,141.3028,77.59,87,99,3.85
292,Lamu,KE,2022-09-30 18:09:42,-2.2717,40.902,75.42,79,22,12.24
293,Carnarvon,AU,2022-09-30 18:09:42,-24.8667,113.6333,68.95,68,0,17.45
294,Gelemso,ET,2022-09-30 18:09:43,8.8167,40.5167,63.32,75,46,6.35
295,Taoudenni,ML,2022-09-30 18:09:07,22.6783,-3.9836,94.12,11,0,15.77
296,Topolobampo,MX,2022-09-30 18:09:43,25.6,-109.05,89.51,48,0,5.75
297,Shache,CN,2022-09-30 18:09:44,38.4167,77.2406,70.2,15,44,7.83
298,Manjacaze,MZ,2022-09-30 18:09:44,-24.7117,33.8828,68.83,79,0,8.57
299,Ilhabela,BR,2022-09-30 18:09:45,-23.7781,-45.3581,65.91,90,100,10.87
300,Kirillov,RU,2022-09-30 18:09:45,59.863,38.3813,47.35,96,100,6.08
301,Barrow,US,2022-09-30 18:07:29,71.2906,-156.7887,30.22,80,100,12.66
302,Xudat,AZ,2022-09-30 18:09:46,41.631,48.681,68.18,76,8,2.57
303,Vestmannaeyjar,IS,2022-09-30 18:09:46,63.4427,-20.2734,52.79,87,20,6.91
304,Aleksandrov Gay,RU,2022-09-30 18:09:47,50.147,48.5704,65.01,63,100,6.53
305,Caravelas,BR,2022-09-30 18:09:47,-17.7125,-39.2481,77.11,70,60,11.56
306,Erenhot,CN,2022-09-30 18:09:47,43.6475,111.9767,61.05,25,99,12.88
307,Sitka,US,2022-09-30 18:09:48,57.0531,-135.33,55.29,88,100,0.0
308,College,US,2022-09-30 18:07:41,64.8569,-147.8028,44.8,85,75,4.61
309,Malumfashi,NG,2022-09-30 18:09:48,11.7853,7.6218,78.87,64,74,3.91
310,Maningrida,AU,2022-09-30 18:09:49,-12.0667,134.2667,78.01,66,88,6.17
311,La Seyne-Sur-Mer,FR,2022-09-30 18:09:50,43.0982,5.8847,64.35,59,37,7.0
312,Vila Velha,BR,2022-09-30 18:09:50,-20.3297,-40.2925,73.35,77,75,12.66
313,Kashi,CN,2022-09-30 18:09:50,39.4547,75.9797,71.08,16,92,12.71
314,Rybachiy,RU,2022-09-30 18:09:51,48.7073,44.7449,60.66,55,80,4.07
315,The Valley,AI,2022-09-30 18:09:51,18.217,-63.0578,85.1,94,20,9.22
316,Traralgon,AU,2022-09-30 18:09:52,-38.1833,146.5333,45.09,98,76,3.42
317,Aklavik,CA,2022-09-30 18:09:53,68.2191,-135.0107,31.51,93,84,7.2
318,Ponta Delgada,PT,2022-09-30 18:10:54,37.7333,-25.6667,75.51,88,75,5.75
319,Qaqortoq,GL,2022-09-30 18:10:54,60.7167,-46.0333,39.76,70,83,6.22
320,Kemin,KG,2022-09-30 18:10:55,42.7846,75.6892,47.25,55,97,2.04
321,Biak,ID,2022-09-30 18:10:55,-0.9131,122.8766,75.33,88,66,1.66
322,Almeirim,BR,2022-09-30 18:10:56,-1.5233,-52.5817,98.4,32,21,6.24
323,San Luis,AR,2022-09-30 18:07:01,-33.295,-66.3356,72.27,28,1,6.93
324,Iralaya,HN,2022-09-30 18:10:56,15.0,-83.2333,86.23,61,90,18.37
325,Sayyan,YE,2022-09-30 18:10:58,15.1718,44.3244,64.9,23,17,3.02
326,Vierzon,FR,2022-09-30 18:10:58,47.2101,2.0625,56.75,60,27,6.67
327,Warah,PK,2022-09-30 18:10:59,27.4481,67.7978,85.39,38,0,5.5
328,Tabuk,PH,2022-09-30 18:10:59,17.4189,121.4443,73.29,92,10,2.17
329,Kaitangata,NZ,2022-09-30 18:11:01,-46.2817,169.8464,33.39,94,11,4.07
330,Nago,JP,2022-09-30 18:11:01,26.5881,127.9761,75.63,81,2,3.53
331,Mokolo,CM,2022-09-30 18:11:02,10.7398,13.8019,75.79,72,43,4.74
332,Kieta,PG,2022-09-30 18:11:02,-6.2167,155.6333,77.92,85,8,5.86
333,Ozernovskiy,RU,2022-09-30 18:11:02,51.5,156.5167,48.06,94,100,17.0
334,Mangai,CD,2022-09-30 18:11:03,-4.05,19.5333,76.41,71,58,0.2
335,Santa Maria,BR,2022-09-30 18:11:05,-29.6842,-53.8069,60.46,89,100,3.94
336,Esik,KZ,2022-09-30 18:11:06,43.3552,77.4525,36.82,44,93,4.99
337,Gunnedah,AU,2022-09-30 18:11:06,-30.9833,150.25,51.3,84,60,14.38
338,Meru,KE,2022-09-30 18:11:07,0.0463,37.6559,67.06,61,90,9.86
339,Los Llanos De Aridane,ES,2022-09-30 18:11:07,28.6585,-17.9182,71.13,73,75,17.27
340,Chara,RU,2022-09-30 18:11:08,56.9064,118.2631,28.15,91,91,0.67
341,Ahuimanu,US,2022-09-30 18:11:08,21.4447,-157.8378,82.11,74,20,9.22
342,Beloha,MG,2022-09-30 18:11:08,-25.1667,45.05,69.93,61,0,4.83
343,Puerto Ayacucho,VE,2022-09-30 18:11:09,5.6639,-67.6236,88.39,61,98,4.32
344,Yinchuan,CN,2022-09-30 18:08:22,38.4681,106.2731,71.56,44,100,6.13
345,Kurandvad,IN,2022-09-30 18:11:09,16.6833,74.5833,75.15,82,91,4.99
346,Peniche,PT,2022-09-30 18:11:10,39.3558,-9.3811,66.29,73,55,16.62
347,Kralovice,CZ,2022-09-30 18:11:11,49.9819,13.4875,52.74,78,100,3.38
348,Ucluelet,CA,2022-09-30 18:11:12,48.9329,-125.5528,57.09,94,83,1.66
349,Oistins,BB,2022-09-30 18:11:12,13.0667,-59.5333,86.09,79,40,13.8
350,Hailar,CN,2022-09-30 18:11:13,49.2,119.7,38.91,86,88,4.12
351,Bachaquero,VE,2022-09-30 18:11:14,9.9694,-71.1494,81.14,77,100,6.85
352,Katiola,CI,2022-09-30 18:11:15,8.1333,-5.1,76.96,82,68,2.28
353,Kavaratti,IN,2022-09-30 18:11:15,10.5669,72.642,81.3,77,96,11.9
354,Matara,LK,2022-09-30 18:08:33,5.9485,80.5353,77.77,89,99,13.62
355,Jalu,LY,2022-09-30 18:11:16,29.0331,21.5482,94.66,17,0,10.78
356,Cervo,ES,2022-09-30 18:11:16,43.6702,-7.4101,62.96,76,97,9.95
357,Ancud,CL,2022-09-30 18:11:18,-41.8697,-73.8203,52.66,80,68,3.29
358,Mundo Nuevo,MX,2022-09-30 18:11:18,18.7,-95.5,79.7,71,51,20.18
359,Balsas,BR,2022-09-30 18:11:19,-7.5325,-46.0356,103.23,14,77,8.9
360,Marzuq,YE,2022-09-30 18:11:20,14.4,46.4667,77.49,43,21,5.26
361,Egvekinot,RU,2022-09-30 18:11:20,66.3167,-179.1667,25.0,68,100,4.47
362,Pokaran,IN,2022-09-30 18:11:21,26.9167,71.9167,89.37,32,8,11.07
363,Grand Gaube,MU,2022-09-30 18:11:21,-20.0064,57.6608,70.2,74,8,1.01
364,Muncar,ID,2022-09-30 18:11:22,-8.4333,114.3333,76.89,91,100,2.19
365,Saint George,US,2022-09-30 18:07:26,37.1041,-113.5841,83.95,38,0,1.01
366,Dunedin,NZ,2022-09-30 18:12:23,-45.8742,170.5036,39.79,79,4,1.01
367,Kamenka,RU,2022-09-30 18:12:23,51.3223,42.7678,58.98,68,60,7.2
368,Namibe,AO,2022-09-30 18:12:24,-15.1961,12.1522,65.84,90,56,7.54
369,Larsnes,NO,2022-09-30 18:12:24,62.2028,5.5773,59.59,47,100,6.4
370,Luau,AO,2022-09-30 18:12:25,-10.7073,22.2247,73.02,58,81,3.13
371,Piacabucu,BR,2022-09-30 18:12:26,-10.4056,-36.4344,80.28,60,53,10.47
372,Turkistan,KZ,2022-09-30 18:12:26,43.0,68.0,56.16,24,70,27.89
373,Banjar,ID,2022-09-30 18:12:26,-8.19,114.9675,77.49,89,100,2.84
374,Barra Patuca,HN,2022-09-30 18:12:27,15.8,-84.2833,85.33,64,100,18.54
375,Vanavara,RU,2022-09-30 18:12:27,60.34,102.2797,23.36,80,67,3.89
376,Provideniya,RU,2022-09-30 18:12:28,64.3833,-173.3,34.97,71,58,12.35
377,Saint-Francois,FR,2022-09-30 18:12:28,46.4154,3.9054,52.68,81,0,3.44
378,Cherskiy,RU,2022-09-30 18:12:29,68.75,161.3,28.33,77,100,2.95
379,Zhangye,CN,2022-09-30 18:12:29,38.9342,100.4517,63.12,26,32,3.87
380,Samarskoye,RU,2022-09-30 18:12:30,46.9336,39.6814,75.85,49,3,4.59
381,Tuatapere,NZ,2022-09-30 18:12:30,-46.1333,167.6833,33.15,91,12,4.38
382,Kondapalle,IN,2022-09-30 18:12:30,16.6167,80.5333,76.05,96,100,4.72
383,Katangli,RU,2022-09-30 18:12:34,51.7102,143.2326,38.39,82,66,5.37
384,Liwale,TZ,2022-09-30 18:12:34,-9.7667,37.9333,74.46,54,72,7.9
385,Henties Bay,NA,2022-09-30 18:12:35,-22.116,14.2845,55.99,89,5,6.17
386,Cap Malheureux,MU,2022-09-30 18:12:35,-19.9842,57.6142,67.46,74,5,1.01
387,Plonsk,PL,2022-09-30 18:12:36,52.6235,20.3755,53.76,68,100,3.83
388,Hadejia,NG,2022-09-30 18:12:36,12.4498,10.0444,88.59,46,99,2.55
389,Olafsvik,IS,2022-09-30 18:12:37,64.8945,-23.7142,45.68,87,97,26.31
390,Ciechanow,PL,2022-09-30 18:12:38,52.8814,20.62,53.42,70,100,3.6
391,Dwarka,IN,2022-09-30 18:12:38,22.2394,68.9678,81.41,70,34,8.46
392,Lorengau,PG,2022-09-30 18:12:39,-2.0226,147.2712,80.89,74,99,5.37
393,Hasaki,JP,2022-09-30 18:12:39,35.7333,140.8333,68.4,79,35,11.79
394,Marsa Matruh,EG,2022-09-30 18:12:40,31.3525,27.2453,81.64,70,0,10.4
395,Batagay-Alyta,RU,2022-09-30 18:12:40,67.8006,130.4114,17.78,94,100,3.4
396,Iqaluit,CA,2022-09-30 18:12:41,63.7506,-68.5145,35.33,87,100,9.22
397,Sangar,RU,2022-09-30 18:12:41,63.9242,127.4739,22.44,94,40,5.1
398,Eirunepe,BR,2022-09-30 18:08:52,-6.6603,-69.8736,81.9,63,100,5.19
399,Bilma,NE,2022-09-30 18:12:42,18.6853,12.9164,96.08,23,43,8.48
400,Geraldton,AU,2022-09-30 18:12:42,-28.7667,114.6,55.81,88,6,5.75
401,Cabo Rojo,PR,2022-09-30 18:12:43,18.0866,-67.1457,90.45,72,29,13.69
402,Laureles,US,2022-09-30 18:12:43,26.1092,-97.4941,88.99,48,0,8.05
403,Miraflores,MX,2022-09-30 18:12:44,19.2167,-98.8083,70.97,44,45,4.72
404,Taguatinga,BR,2022-09-30 18:12:44,-12.3857,-46.5711,102.22,13,68,4.61
405,Novoagansk,RU,2022-09-30 18:08:57,61.9449,76.6625,31.41,69,95,5.28
406,Victor Harbor,AU,2022-09-30 18:12:44,-35.5667,138.6167,53.67,93,29,1.97
407,Yanji,CN,2022-09-30 18:12:45,42.9075,129.5078,60.46,75,17,3.51
408,Goderich,CA,2022-09-30 18:12:46,43.7501,-81.7165,61.12,59,0,8.05
409,Barcarena,BR,2022-09-30 18:12:46,-1.5058,-48.6258,84.25,74,56,14.14
410,Rocha,UY,2022-09-30 18:08:44,-34.4833,-54.3333,61.45,64,98,6.98
411,Teya,RU,2022-09-30 18:12:46,60.3778,92.6267,25.92,82,88,2.57
412,San Isidro,PE,2022-09-30 18:12:47,-12.1167,-77.05,60.39,77,100,9.22
413,Iaciara,BR,2022-09-30 18:12:47,-14.0958,-46.6317,98.73,17,63,2.82
414,Flin Flon,CA,2022-09-30 18:13:48,54.7682,-101.865,46.24,76,100,8.05
415,Andenes,NO,2022-09-30 18:13:48,69.3143,16.1194,41.94,81,0,1.14
416,Beipiao,CN,2022-09-30 18:13:49,41.7919,120.7792,63.82,64,19,2.91
417,Fairfield,US,2022-09-30 18:12:24,41.2668,-73.3162,63.73,61,40,6.91
418,Garowe,SO,2022-09-30 18:13:49,8.4054,48.4845,84.6,43,44,18.5
419,Mandalgovi,MN,2022-09-30 18:13:50,45.7625,106.2708,56.16,23,100,7.16
420,Concepcion Del Uruguay,AR,2022-09-30 18:13:50,-32.4825,-58.2372,70.99,48,21,3.0
421,Tulum,MX,2022-09-30 18:13:51,20.2167,-87.4667,88.5,41,78,4.59
422,Sawai Madhopur,IN,2022-09-30 18:13:51,25.9833,76.3667,79.36,50,30,5.41
423,Walvis Bay,NA,2022-09-30 18:13:52,-22.9575,14.5053,57.09,81,8,10.47
424,Sabang,ID,2022-09-30 18:13:52,5.8933,95.3214,80.73,80,100,20.85
425,Kitimat,CA,2022-09-30 18:09:15,54.0524,-128.6534,59.92,22,95,0.76
426,Cheremushskiy,RU,2022-09-30 18:13:52,61.2731,47.2636,42.03,97,100,10.0
427,Bereda,ES,2022-09-30 18:13:53,43.2686,-7.5406,62.42,86,100,3.24
428,Inuvik,CA,2022-09-30 18:09:29,68.3499,-133.7218,31.48,94,95,5.41
429,Marystown,CA,2022-09-30 18:13:53,47.1666,-55.1483,56.71,63,2,13.18
430,Lokosovo,RU,2022-09-30 18:13:54,61.1333,74.8167,26.83,86,23,3.87
431,Katsuura,JP,2022-09-30 18:13:54,35.1333,140.3,72.1,84,47,12.24
432,Paramirim,BR,2022-09-30 18:13:55,-13.4425,-42.2389,90.34,28,74,14.9
433,Wladyslawowo,PL,2022-09-30 18:13:55,54.7909,18.4009,53.15,56,60,10.29
434,Mocuba,MZ,2022-09-30 18:13:56,-16.8392,36.9856,73.94,71,30,8.3
435,Inta,RU,2022-09-30 18:13:56,66.0317,60.1659,30.22,63,97,6.8
436,Vilhena,BR,2022-09-30 18:13:57,-12.7406,-60.1458,89.92,38,77,2.71
437,Anicuns,BR,2022-09-30 18:13:57,-16.4611,-49.9617,78.94,56,65,3.76
438,Asau,RO,2022-09-30 18:13:58,46.4333,26.4,65.32,70,32,5.66
439,Jennings,US,2022-09-30 18:13:58,38.7192,-90.2604,71.96,55,0,4.61
440,Virovitica,HR,2022-09-30 18:14:00,45.8319,17.3839,60.24,92,100,2.95
441,Broome,US,2022-09-30 18:14:00,42.2506,-75.833,60.42,64,0,4.0
442,Zhezkazgan,KZ,2022-09-30 18:14:02,47.8043,67.7144,37.4,29,16,15.82
443,Solano,US,2022-09-30 18:14:03,38.2333,-121.9511,85.32,29,0,11.5
444,Dawei,MM,2022-09-30 18:14:03,14.0833,98.2,74.71,93,100,2.84
445,Moroni,KM,2022-09-30 18:14:04,-11.7022,43.2551,74.73,78,53,4.05
446,Bardsir,IR,2022-09-30 18:14:05,29.9227,56.5743,63.99,12,0,0.92
447,Mehran,IR,2022-09-30 18:14:05,33.1222,46.1646,88.2,12,0,8.55
448,Oussouye,SN,2022-09-30 18:14:06,12.485,-16.5469,98.69,83,100,7.25
449,Husavik,IS,2022-09-30 18:14:06,66.0449,-17.3389,44.15,98,100,13.47
450,Alofi,NU,2022-09-30 18:14:07,-19.0595,-169.9187,64.29,94,63,4.61
451,Wawa,NG,2022-09-30 18:09:41,9.9022,4.4192,72.45,94,100,3.09
452,Sri Aman,MY,2022-09-30 18:14:08,1.2376,111.4621,74.37,99,84,0.04
453,Laguna,US,2022-09-30 18:13:55,38.421,-121.4238,86.31,47,0,6.91
454,Ambatondrazaka,MG,2022-09-30 18:14:09,-17.8333,48.4167,55.98,93,0,3.04
455,Hudson Bay,CA,2022-09-30 18:14:10,52.85,-102.3842,56.07,68,100,11.99
456,Ambon,ID,2022-09-30 18:14:10,-3.6954,128.1814,77.14,94,40,3.44
457,Zabaykalsk,RU,2022-09-30 18:14:11,49.6333,117.3167,35.38,83,76,4.07
458,Grindavik,IS,2022-09-30 18:14:11,63.8424,-22.4338,51.75,87,75,18.41
459,Bataipora,BR,2022-09-30 18:15:12,-22.2953,-53.2711,68.63,87,100,3.2
460,Rio Gallegos,AR,2022-09-30 18:15:12,-51.6226,-69.2181,53.65,30,75,9.22
461,Kutum,SD,2022-09-30 18:15:13,14.2,24.6667,84.72,19,3,5.5
462,Holme,DK,2022-09-30 18:15:13,56.1138,10.1725,53.19,84,42,10.27
463,Neuquen,AR,2022-09-30 18:11:17,-38.9516,-68.0591,76.89,13,0,10.36
464,Sept-Iles,CA,2022-09-30 18:15:14,50.2001,-66.3821,55.4,70,75,13.8
465,Chimbote,PE,2022-09-30 18:15:15,-9.0853,-78.5783,66.29,72,97,10.4
466,Tsurugi,JP,2022-09-30 18:15:16,36.45,136.6333,60.62,82,2,3.58
467,Kedrovoye,RU,2022-09-30 18:15:16,57.1576,60.5698,33.24,86,18,6.69
468,Homer,US,2022-09-30 18:11:44,59.6425,-151.5483,49.05,93,75,4.61
469,Campoverde,PE,2022-09-30 18:15:17,-8.4753,-74.8058,73.09,99,100,2.71
470,Oppdal,NO,2022-09-30 18:15:17,62.5943,9.6912,39.97,84,69,12.33
471,Port Stanley,FK,2022-09-30 18:15:18,-51.7,-57.85,59.29,73,8,3.0
472,Sioux Lookout,CA,2022-09-30 18:15:18,50.1001,-91.917,62.67,59,75,0.0
473,Port-Gentil,GA,2022-09-30 18:15:19,-0.7193,8.7815,78.76,83,75,11.5
474,Kamarion,GR,2022-09-30 18:15:19,36.8,25.8167,73.51,75,0,7.81
475,Ahtopol,BG,2022-09-30 18:15:21,42.1,27.95,73.13,58,2,7.11
476,Saldanha,ZA,2022-09-30 18:15:22,-33.0117,17.9442,59.05,85,47,9.66
477,Salinopolis,BR,2022-09-30 18:15:22,-0.6136,-47.3561,84.74,68,86,13.27
478,Puerto Madryn,AR,2022-09-30 18:13:48,-42.7692,-65.0385,61.95,53,88,5.23
479,Ojinaga,MX,2022-09-30 18:10:38,29.5667,-104.4167,86.58,36,0,5.75
480,Coquimbo,CL,2022-09-30 18:15:24,-29.9533,-71.3436,56.93,82,75,11.5
481,Hofn,IS,2022-09-30 18:15:25,64.2539,-15.2082,51.82,71,100,10.36
482,Olga,RU,2022-09-30 18:15:26,43.7444,135.2892,54.19,82,18,5.39
483,Saint-Joseph,RE,2022-09-30 18:15:26,-21.3667,55.6167,66.58,80,23,11.25
484,Tateyama,JP,2022-09-30 18:15:26,34.9833,139.8667,72.1,86,22,17.38
485,Chumphon,TH,2022-09-30 18:15:27,10.3333,98.8333,72.68,93,92,5.5
486,Springdale,US,2022-09-30 18:12:08,36.1867,-94.1288,73.54,34,0,5.75
487,Tezu,IN,2022-09-30 18:15:27,27.9167,96.1667,76.8,71,15,3.87
488,Chifeng,CN,2022-09-30 18:15:28,42.2683,118.9636,61.27,40,50,2.37
489,Panacan,PH,2022-09-30 18:15:28,9.2463,118.4082,80.49,79,99,3.6
490,Opunake,NZ,2022-09-30 18:15:29,-39.4556,173.8583,52.84,93,100,21.21
491,Safaga,EG,2022-09-30 18:15:29,26.7292,33.9365,90.61,35,0,6.73
492,Prince Rupert,CA,2022-09-30 18:15:30,54.3161,-130.3201,60.89,87,100,18.41
493,Tual,ID,2022-09-30 18:15:30,-5.6667,132.75,82.08,74,61,1.12
494,Bac Lieu,VN,2022-09-30 18:15:30,9.285,105.7244,78.19,87,90,6.96
495,Revda,RU,2022-09-30 18:15:31,56.801,59.9303,26.47,89,28,6.55
496,Necochea,AR,2022-09-30 18:15:31,-38.5473,-58.7368,65.89,43,38,7.92
497,Bowen,AU,2022-09-30 18:15:32,-20.0167,148.2333,64.92,72,8,6.15
498,Waipawa,NZ,2022-09-30 18:15:32,-41.4122,175.5153,45.28,74,100,11.25
499,Guerrero Negro,MX,2022-09-30 18:15:33,27.9769,-114.0611,77.0,65,2,10.0
500,Luwingu,ZM,2022-09-30 18:15:33,-10.2621,29.9271,72.12,20,34,2.86
501,Oranjestad,AW,2022-09-30 18:15:34,12.524,-70.027,76.95,88,40,8.05
502,Port Hardy,CA,2022-09-30 18:15:34,50.6996,-127.4199,53.78,94,75,4.61
503,Usak,TR,2022-09-30 18:15:35,38.5,29.4167,71.15,47,0,5.79
504,Emerald,AU,2022-09-30 18:15:35,-23.5333,148.1667,58.33,62,59,6.15
505,Lichinga,MZ,2022-09-30 18:16:37,-13.3128,35.2406,66.29,52,0,8.05
506,Terrace,CA,2022-09-30 18:15:47,54.5163,-128.6035,58.91,88,75,0.0
507,Zonguldak,TR,2022-09-30 18:16:37,41.25,31.8333,63.81,58,1,4.21
508,Chipinge,ZW,2022-09-30 18:16:38,-20.1883,32.6236,67.37,38,0,10.0
509,Sorong,ID,2022-09-30 18:16:39,-0.8833,131.25,77.76,87,91,2.24
510,Plettenberg Bay,ZA,2022-09-30 18:16:39,-34.0527,23.3716,61.45,85,99,11.59
511,Kingaroy,AU,2022-09-30 18:16:40,-26.5333,151.8333,53.01,88,53,7.49
512,General Roca,AR,2022-09-30 18:16:40,-39.0333,-67.5833,84.61,13,81,18.77
513,El Ejido,ES,2022-09-30 18:16:41,36.7763,-2.8146,68.76,55,2,2.82
514,Halifax,CA,2022-09-30 18:15:07,44.6453,-63.5724,64.29,73,13,8.01
515,Pilar,BR,2022-09-30 18:16:41,-9.5972,-35.9567,80.53,60,90,10.31
516,Tondon,GN,2022-09-30 18:16:42,10.3667,-13.35,74.34,96,99,4.12
517,Kirakira,SB,2022-09-30 18:16:43,-10.4544,161.9205,79.0,85,36,6.6
518,Kondagaon,IN,2022-09-30 18:16:44,19.6,81.6667,70.39,95,57,2.84
519,Ratzeburg,DE,2022-09-30 18:16:44,53.7,10.7667,53.71,77,0,3.44
520,Shu,KZ,2022-09-30 18:16:44,43.5983,73.7614,46.76,26,99,11.72
521,Rincon,US,2022-09-30 18:16:45,32.296,-81.2354,66.16,72,100,14.97
522,Ixtapa,MX,2022-09-30 18:14:31,20.7,-105.2,89.22,62,0,4.61
523,Trincomalee,LK,2022-09-30 18:16:46,8.5711,81.2335,80.29,76,96,22.62
524,Bandarbeyla,SO,2022-09-30 18:16:46,9.4942,50.8122,78.85,78,49,21.88
525,Novyy Urengoy,RU,2022-09-30 18:12:23,66.0833,76.6333,29.84,81,64,5.46
526,Tamale,GH,2022-09-30 18:16:47,9.4008,-0.8393,74.44,88,98,2.91
527,Woodward,US,2022-09-30 18:16:47,36.4337,-99.3904,83.43,32,0,9.22
528,Takaka,NZ,2022-09-30 18:16:47,-40.85,172.8,45.43,90,100,10.56
529,Zeya,RU,2022-09-30 18:16:48,53.75,127.2667,30.42,78,6,3.31
530,Dongsheng,CN,2022-09-30 18:16:48,39.8161,109.9776,64.42,43,100,6.82
531,Tursunzoda,TJ,2022-09-30 18:16:49,38.5144,68.2333,74.52,26,99,4.21
532,Mecca,SA,2022-09-30 18:16:49,21.4267,39.8261,85.75,53,0,2.39
533,Ciudad Bolivar,VE,2022-09-30 18:16:49,8.1222,-63.5497,93.49,46,81,7.49
534,Candelaria,PH,2022-09-30 18:16:50,13.9311,121.4233,74.39,95,26,4.14
535,Belmonte,BR,2022-09-30 18:16:50,-15.8631,-38.8828,75.81,85,95,14.83
536,Dunkwa,GH,2022-09-30 18:16:51,5.9656,-1.78,74.71,96,85,3.42
537,Buchen,DE,2022-09-30 18:16:51,49.5239,9.3231,51.6,91,10,2.28
538,Veshenskaya,RU,2022-09-30 18:16:51,49.6303,41.7334,63.05,66,38,7.0
539,Holoby,UA,2022-09-30 18:16:52,51.0865,25.0077,57.06,97,100,11.72
540,Aksarayskiy,RU,2022-09-30 18:16:53,46.7924,48.0119,72.14,46,99,1.23
541,Rawson,AR,2022-09-30 18:16:53,-43.3002,-65.1023,62.64,49,97,8.86
542,Baruun-Urt,MN,2022-09-30 18:16:53,46.6806,113.2792,44.53,59,76,7.27
543,Kommunisticheskiy,RU,2022-09-30 18:16:54,61.6789,64.4819,26.33,74,26,5.06
544,Yarmouth,US,2022-09-30 18:16:54,41.7057,-70.2286,63.01,65,20,12.66
545,Bathsheba,BB,2022-09-30 18:16:55,13.2167,-59.5167,86.61,79,40,13.8
546,Coihaique,CL,2022-09-30 18:14:53,-45.5752,-72.0662,57.15,35,20,8.05
547,Bonavista,CA,2022-09-30 18:16:55,48.6499,-53.1147,54.86,67,22,4.79
548,Mago,RU,2022-09-30 18:16:56,53.2514,140.1822,33.78,85,91,1.45
549,Solnechnyy,RU,2022-09-30 18:16:56,50.7214,136.6319,41.11,91,100,6.82
550,Namatanai,PG,2022-09-30 18:16:56,-3.6667,152.4333,79.03,78,26,5.3
551,Hami,CN,2022-09-30 18:16:57,42.8,93.45,60.35,35,100,8.99
552,Bilibino,RU,2022-09-30 18:17:57,68.0546,166.4372,24.93,91,100,2.06
553,Buraydah,SA,2022-09-30 18:17:58,26.326,43.975,82.85,14,0,9.62
554,Batticaloa,LK,2022-09-30 18:17:58,7.7102,81.6924,80.94,69,88,8.3
555,Awbari,LY,2022-09-30 18:17:59,26.5921,12.7805,93.92,10,0,12.33
556,Fort Nelson,CA,2022-09-30 18:17:59,58.8053,-122.7002,49.59,76,20,3.44
557,Sain Alto,MX,2022-09-30 18:17:59,23.5833,-103.25,69.69,34,6,6.46
558,Vilcun,CL,2022-09-30 18:17:08,-38.65,-72.2333,56.14,52,100,5.28
559,Arezzo,IT,2022-09-30 18:18:01,43.4724,11.869,61.21,94,98,3.67
560,Exeter,GB,2022-09-30 18:17:58,50.7236,-3.5275,61.02,95,75,13.8
561,Anadyr,RU,2022-09-30 18:18:02,64.75,177.4833,34.3,86,75,8.95
562,Shvartsevskiy,RU,2022-09-30 18:18:03,54.0961,37.9917,56.89,97,95,6.08
